New York,NY,8258035,8804190,−6.20%,300.5,778.3,29298,11312,40.66°N 73.94°W
Los Angeles,CA,3820914,3898747,−2.00%,469.5,1216.0,8304,3206,34.02°N 118.41°W
Chicago,IL,2664452,2746388,−2.98%,227.7,589.7,12061,4657,41.84°N 87.68°W
Houston,TX,2314157,2304580,+0.42%,640.4,1658.6,3599,1390,29.79°N 95.39°W
Phoenix,AZ,1650070,1608139,+2.61%,518.0,1341.6,3105,1199,33.57°N 112.09°W
Philadelphia,PA,1550542,1603797,−3.32%,134.4,348.1,11933,4607,40.01°N 75.13°W
San Antonio,TX,1495295,1434625,+4.23%,498.8,1291.9,2876,1110,29.46°N 98.52°W
San Diego,CA,1388320,1386932,+0.10%,325.9,844.1,4256,1643,32.81°N 117.14°W
Dallas,TX,1302868,1304379,−0.12%,339.6,879.6,3841,1483,32.79°N 96.77°W
Jacksonville,FL,985843,949611,+3.82%,747.3,1935.5,1271,491,30.34°N 81.66°W
Austin,TX,979882,961855,+1.87%,319.9,828.5,3007,1161,30.30°N 97.75°W
Fort Worth,TX,978468,918915,+6.48%,347.3,899.5,2646,1022,32.78°N 97.35°W
San Jose,CA,969655,1013240,−4.30%,178.3,461.8,5683,2194,37.30°N 121.81°W
Columbus,OH,913175,905748,+0.82%,220.0,569.8,4117,1590,39.99°N 82.99°W
Charlotte,NC,911311,874579,+4.20%,308.3,798.5,2837,1095,35.21°N 80.83°W
Indianapolis,IN,879293,887642,−0.94%,361.6,936.5,2455,948,39.78°N 86.15°W
San Francisco,CA,808988,873965,−7.43%,46.9,121.5,18635,7195,37.73°N 123.03°W
Seattle,WA,755078,737015,+2.45%,83.8,217.0,8795,3396,47.62°N 122.35°W
Denver,CO,716577,715522,+0.15%,153.1,396.5,4674,1805,39.76°N 104.88°W
Oklahoma City,OK,702767,681054,+3.19%,606.2,1570.1,1123,434,35.47°N 97.51°W
Nashville,TN,687788,689447,−0.24%,475.8,1232.3,1449,559,36.17°N 86.79°W
Washington,DC,678972,689545,−1.53%,61.1,158.2,11286,4358,38.90°N 77.02°W
El Paso,TX,678958,678815,+0.02%,258.4,669.3,2627,1014,31.85°N 106.43°W
Las Vegas,NV,660929,641903,+2.96%,141.8,367.3,4527,1748,36.23°N 115.26°W
Boston,MA,653833,675647,−3.23%,48.3,125.1,13989,5401,42.34°N 71.02°W
Detroit,MI,633218,639111,−0.92%,138.7,359.2,4608,1779,42.38°N 83.10°W
Portland,OR,630498,652503,−3.37%,133.5,345.8,4888,1887,45.54°N 122.65°W
Louisville,KY,622981,633045,−1.59%,324.9,841.5,1948,752,38.17°N 85.65°W
Memphis,TN,618639,633104,−2.28%,297.0,769.2,2132,823,35.11°N 89.97°W
Baltimore,MD,565239,585708,−3.49%,80.9,209.5,7240,2800,39.30°N 76.61°W
Milwaukee,WI,561385,577222,−2.74%,96.2,249.2,6000,2300,43.06°N 87.97°W
Albuquerque,NM,560274,564559,−0.76%,187.3,485.1,3014,1164,35.10°N 106.65°W
Tucson,AZ,547239,542629,+0.85%,241.0,624.2,2252,870,32.15°N 110.87°W
Fresno,CA,545716,542107,+0.67%,115.2,298.4,4706,1817,36.78°N 119.79°W
Sacramento,CA,526384,524943,+0.27%,98.6,255.4,5324,2056,38.57°N 121.47°W
Mesa,AZ,511648,504258,+1.47%,138.7,359.2,3636,1404,33.40°N 111.72°W
Atlanta,GA,510823,498715,+2.43%,135.3,350.4,3686,1423,33.76°N 84.42°W
Kansas City,MO,510704,508090,+0.51%,314.7,815.1,1615,624,39.12°N 94.56°W
Colorado Springs,CO,488664,478961,+2.03%,195.4,506.1,2451,946,38.87°N 104.76°W
Omaha,NE,483335,486051,−0.56%,141.6,366.7,3433,1325,41.26°N 96.05°W
Raleigh,NC,482295,467665,+3.13%,147.1,381.0,3179,1227,35.83°N 78.64°W
Miami,FL,455924,442241,+3.09%,36.0,93.2,12284,4743,25.78°N 80.21°W
Virginia Beach,VA,453649,459470,−1.27%,244.7,633.8,1878,725,36.78°N 76.03°W
Long Beach,CA,449468,466742,−3.70%,50.7,131.3,9206,3554,33.78°N 118.17°W
Oakland,CA,436504,440646,−0.94%,55.9,144.8,7883,3044,37.77°N 122.23°W
Minneapolis,MN,425115,429954,−1.13%,54.0,139.9,7962,3074,44.96°N 93.27°W
Bakersfield,CA,413381,403455,+2.46%,149.8,388.0,2693,1040,35.35°N 119.04°W
Tulsa,OK,411894,413066,−0.28%,197.5,511.5,2091,807,36.13°N 95.90°W
Tampa,FL,403364,384959,+4.78%,114.0,295.3,3377,1304,27.97°N 82.47°W
Arlington,TX,398431,394266,+1.06%,95.9,248.4,4111,1587,32.70°N 97.12°W
Wichita,KS,396119,397532,−0.36%,162.0,419.6,2454,947,37.69°N 97.35°W
Aurora,CO,395052,386261,+2.28%,160.1,414.7,2413,932,39.70°N 104.72°W
New Orleans,LA,364136,383997,−5.17%,169.5,439.0,2265,875,30.05°N 89.93°W
Cleveland,OH,362656,372624,−2.68%,77.7,201.2,4796,1852,41.48°N 81.68°W
Honolulu,HI,341778,350964,−2.62%,60.5,156.7,5801,2240,21.32°N 157.85°W
Anaheim,CA,340512,346824,−1.82%,50.3,130.3,6895,2662,33.86°N 117.76°W
Henderson,NV,337305,317610,+6.20%,106.2,275.1,2991,1155,36.01°N 115.04°W
Orlando,FL,320742,307573,+4.28%,110.6,286.5,2781,1074,28.41°N 81.25°W
Lexington,KY,320154,322570,−0.75%,283.6,734.5,1137,439,38.04°N 84.46°W
Stockton,CA,319543,320804,−0.39%,62.2,161.1,5158,1992,37.98°N 121.31°W
Riverside,CA,318858,314998,+1.23%,81.2,210.3,3879,1498,33.94°N 117.39°W
Corpus Christi,TX,316595,317863,−0.40%,162.2,420.1,1960,760,27.75°N 97.17°W
Irvine,CA,314621,307670,+2.26%,65.6,169.9,4690,1810,33.68°N 117.77°W
Cincinnati,OH,311097,309317,+0.58%,77.8,201.5,3976,1535,39.14°N 84.51°W
Santa Ana,CA,310539,310227,+0.10%,27.3,70.7,11364,4388,33.74°N 117.88°W
Newark,NJ,304960,311549,−2.11%,24.1,62.4,12927,4991,40.72°N 74.17°W
Saint Paul,MN,303820,311527,−2.47%,52.0,134.7,5991,2313,44.95°N 93.10°W
Pittsburgh,PA,303255,302971,+0.09%,55.4,143.5,5469,2112,40.44°N 79.98°W
Greensboro,NC,302296,299035,+1.09%,129.6,335.7,2307,891,36.10°N 79.83°W
Durham,NC,296186,283506,+4.47%,112.8,292.2,2513,970,35.98°N 78.90°W
Lincoln,NE,294757,291082,+1.26%,97.7,253.0,2979,1150,40.81°N 96.68°W
Jersey City,NJ,291657,292449,−0.27%,14.7,38.1,19894,7681,40.71°N 74.06°W
Plano,TX,290190,285494,+1.64%,71.7,185.7,3982,1537,33.05°N 96.75°W
Anchorage,AK,286075,291247,−1.78%,1706.8,4420.6,171,66,61.17°N 149.28°W
North Las Vegas,NV,284771,262527,+8.47%,101.3,262.4,2592,1001,36.28°N 115.09°W
St. Louis,MO,281754,301578,−6.57%,61.7,159.8,4888,1887,38.64°N 90.24°W
Madison,WI,280305,269840,+3.88%,79.6,206.2,3390,1310,43.09°N 89.43°W
Chandler,AZ,280167,275987,+1.51%,65.3,169.1,4226,1632,33.28°N 111.85°W
Gilbert,AZ,275411,267918,+2.80%,68.6,177.7,3906,1508,33.31°N 111.74°W
Reno,NV,274915,264165,+4.07%,108.8,281.8,2428,937,39.55°N 119.85°W
Buffalo,NY,274678,278349,−1.32%,40.4,104.6,6890,2660,42.89°N 78.86°W
Chula Vista,CA,274333,275487,−0.42%,49.6,128.5,5554,2144,32.63°N 117.02°W
Fort Wayne,IN,269994,263886,+2.31%,110.7,286.7,2384,920,41.09°N 85.14°W
Lubbock,TX,266878,257141,+3.79%,134.6,348.6,1910,740,33.57°N 101.89°W
Toledo,OH,265304,270871,−2.06%,80.5,208.5,3365,1299,41.66°N 83.58°W
St. Petersburg,FL,263553,258308,+2.03%,61.8,160.1,4180,1610,27.77°N 82.64°W
Laredo,TX,257602,255205,+0.94%,106.5,275.8,2396,925,27.56°N 99.49°W
Irving,TX,254373,256684,−0.90%,67.0,173.5,3831,1479,32.86°N 96.97°W
Chesapeake,VA,253886,249422,+1.79%,338.5,876.7,737,285,36.68°N 76.30°W
Glendale,AZ,253855,248325,+2.23%,61.6,159.5,4031,1556,33.53°N 112.19°W
Winston-Salem,NC,252975,249545,+1.37%,132.7,343.7,1881,726,36.10°N 80.26°W
Port St. Lucie,FL,245021,204851,+19.61%,119.2,308.7,1719,664,27.28°N 80.39°W
Scottsdale,AZ,244394,241361,+1.26%,184.0,476.6,1312,507,33.68°N 111.86°W
Garland,TX,243470,246018,−1.04%,57.1,147.9,4309,1664,32.91°N 96.63°W
Boise,ID,235421,235684,−0.11%,84.0,217.6,2806,1083,43.60°N 116.23°W
Norfolk,VA,230930,238005,−2.97%,53.3,138.0,4465,1724,36.92°N 76.24°W
Spokane,WA,229447,228989,+0.20%,68.8,178.2,3328,1285,47.67°N 117.43°W
Richmond,VA,229247,226610,+1.16%,59.9,155.1,3783,1461,37.53°N 77.48°W
Fremont,CA,226208,230504,−1.86%,78.3,202.8,2944,1137,37.49°N 121.94°W
Huntsville,AL,225564,215006,+4.91%,218.1,564.9,986,381,34.78°N 86.53°W
Frisco,TX,225007,200509,+12.22%,68.6,177.7,2923,1129,33.16°N 96.82°W
Cape Coral,FL,224455,194016,+15.69%,106.0,274.5,1830,710,26.65°N 81.99°W
Santa Clarita,CA,224028,228673,−2.03%,70.8,183.4,3230,1250,34.41°N 118.49°W
San Bernardino,CA,223728,222101,+0.73%,62.1,160.8,3577,1381,34.14°N 117.29°W
Tacoma,WA,222906,219346,+1.62%,49.7,128.7,4413,1704,47.25°N 122.46°W
Hialeah,FL,221300,223109,−0.81%,21.6,55.9,10329,3988,25.87°N 80.30°W
Baton Rouge,LA,219573,227470,−3.47%,86.3,223.5,2636,1018,30.44°N 91.13°W
Modesto,CA,218915,218464,+0.21%,43.0,111.4,5081,1962,37.64°N 121.00°W
Fontana,CA,215465,208393,+3.39%,43.1,111.6,4835,1867,34.11°N 117.46°W
McKinney,TX,213509,195308,+9.32%,67.0,173.5,2915,1125,33.20°N 96.66°W
Moreno Valley,CA,212392,208634,+1.80%,51.3,132.9,4067,1570,33.92°N 117.21°W
Des Moines,IA,210381,214133,−1.75%,88.2,228.4,2428,937,41.57°N 93.61°W
Fayetteville,NC,209749,208501,+0.60%,148.3,384.1,1406,543,35.08°N 78.97°W
Salt Lake City,UT,209593,199723,+4.94%,110.3,285.7,1811,699,40.78°N 111.93°W
Yonkers,NY,207657,211569,−1.85%,18.0,46.6,11754,4538,40.95°N 73.87°W
Worcester,MA,207621,206518,+0.53%,37.4,96.9,5522,2132,42.27°N 71.81°W
Rochester,NY,207274,211328,−1.92%,35.8,92.7,5903,2279,43.17°N 77.62°W
Sioux Falls,SD,206410,192517,+7.22%,79.1,204.9,2434,940,43.54°N 96.73°W
Little Rock,AR,203842,202591,+0.62%,120.0,310.8,1688,652,34.72°N 92.36°W
Amarillo,TX,202408,200393,+1.01%,102.3,265.0,1959,756,35.20°N 101.83°W
Tallahassee,FL,202221,196169,+3.09%,100.9,261.3,1944,751,30.46°N 84.25°W
Grand Prairie,TX,202134,196100,+3.08%,72.6,188.0,2701,1043,32.69°N 97.02°W
Columbus,GA,201877,206922,−2.44%,216.5,560.7,956,369,32.51°N 84.87°W
Augusta,GA,200884,202081,−0.59%,302.3,783.0,668,258,33.37°N 82.07°W
Peoria,AZ,198750,190985,+4.07%,176.1,456.1,1085,419,33.79°N 112.31°W
Oxnard,CA,198488,202063,−1.77%,26.5,68.6,7625,2944,34.20°N 119.21°W
Knoxville,TN,198162,190740,+3.89%,98.7,255.6,1933,746,35.97°N 83.95°W
Overland Park,KS,197089,197238,−0.08%,75.2,194.8,2623,1013,38.89°N 94.69°W
Birmingham,AL,196644,200733,−2.04%,147.0,380.7,1366,527,33.53°N 86.80°W
Grand Rapids,MI,196608,198917,−1.16%,44.8,116.0,4440,1710,42.96°N 85.66°W
Vancouver,WA,196442,190915,+2.90%,48.7,126.1,3920,1510,45.64°N 122.60°W
Montgomery,AL,195287,200603,−2.65%,159.9,414.1,1255,485,32.35°N 86.27°W
Huntington Beach,CA,192129,198711,−3.31%,27.0,69.9,7360,2840,33.70°N 118.00°W
Providence,RI,190792,190934,−0.07%,18.4,47.7,10377,4007,41.82°N 71.42°W
Brownsville,TX,190158,186738,+1.83%,131.5,340.6,1420,550,26.00°N 97.45°W
Tempe,AZ,189834,180587,+5.12%,39.9,103.3,4526,1747,33.39°N 111.93°W
Akron,OH,188701,190469,−0.93%,61.9,160.3,3077,1188,41.08°N 81.52°W
Glendale,CA,187050,196543,−4.83%,30.5,79.0,6444,2488,34.18°N 118.25°W
Chattanooga,TN,187030,181099,+3.28%,142.4,368.8,1272,491,35.07°N 85.25°W
Fort Lauderdale,FL,184255,182760,+0.82%,34.6,89.6,5282,2039,26.14°N 80.15°W
Newport News,VA,183118,186247,−1.68%,69.0,178.7,2699,1042,37.08°N 76.52°W
Mobile,AL,182595,187041,−2.38%,139.5,361.3,1341,518,30.67°N 88.10°W
Ontario,CA,182457,175265,+4.10%,50.0,129.5,3505,1353,34.04°N 117.60°W
Clarksville,TN,180716,166722,+8.39%,99.4,257.4,1677,647,36.57°N 87.35°W
Cary,NC,180010,174721,+3.03%,59.2,153.3,2951,1139,35.78°N 78.82°W
Elk Grove,CA,178444,176124,+1.32%,42.0,108.8,4193,1619,38.41°N 121.38°W
Shreveport,LA,177959,187593,−5.14%,107.8,279.2,1740,670,32.47°N 93.79°W
Eugene,OR,177899,176654,+0.70%,44.2,114.5,3997,1543,44.06°N 123.12°W
Aurora,IL,177563,180542,−1.65%,45.0,116.5,4012,1549,41.76°N 88.29°W
Salem,OR,177432,175535,+1.08%,48.8,126.4,3597,1389,44.92°N 123.02°W
Santa Rosa,CA,175845,178127,−1.28%,42.5,110.1,4191,1618,38.45°N 122.71°W
Rancho Cucamonga,CA,174405,174453,−0.03%,40.1,103.9,4350,1680,34.12°N 117.56°W
Pembroke Pines,FL,171119,171178,−0.03%,32.7,84.7,5235,2021,26.01°N 80.34°W
Fort Collins,CO,170376,169810,+0.33%,57.2,148.1,2969,1146,40.55°N 105.06°W
Springfield,MO,170188,169176,+0.60%,82.4,213.4,2053,793,37.19°N 93.29°W
Oceanside,CA,170020,174068,−2.33%,41.3,107.0,4215,1627,33.22°N 117.31°W
Garden Grove,CA,168234,171949,−2.16%,18.0,46.6,9553,3688,33.78°N 117.96°W
Lancaster,CA,166236,173516,−4.20%,94.3,244.2,1840,710,34.69°N 118.18°W
Murfreesboro,TN,165430,152769,+8.29%,62.9,162.9,2429,938,35.85°N 86.42°W
Palmdale,CA,161404,169450,−4.75%,106.1,274.8,1597,617,34.59°N 118.11°W
Corona,CA,160238,157136,+1.97%,39.9,103.3,3938,1520,33.86°N 117.57°W
Killeen,TX,159643,153095,+4.28%,54.8,141.9,2794,1079,31.08°N 97.73°W
Salinas,CA,159506,163542,−2.47%,23.5,60.9,6959,2687,36.69°N 121.63°W
Roseville,CA,159135,147773,+7.69%,44.1,114.2,3351,1294,38.77°N 121.32°W
Denton,TX,158349,139869,+13.21%,96.4,249.7,1451,560,33.22°N 97.14°W
Surprise,AZ,158285,143148,+10.57%,110.3,285.7,1298,501,33.67°N 112.45°W
Macon,GA,156512,157346,−0.53%,249.4,645.9,631,244,32.81°N 83.69°W
Paterson,NJ,156452,159732,−2.05%,8.4,21.8,19016,7342,40.91°N 74.16°W
Lakewood,CO,155961,155984,−0.01%,43.5,112.7,3586,1385,39.70°N 105.12°W
Hayward,CA,155675,162954,−4.47%,45.8,118.6,3558,1374,37.63°N 122.10°W
Charleston,SC,155369,150227,+3.42%,114.8,297.3,1309,505,32.83°N 79.97°W
Alexandria,VA,155230,159467,−2.66%,14.9,38.6,10702,4132,38.82°N 77.08°W
Hollywood,FL,153859,153067,+0.52%,27.3,70.7,5607,2165,26.03°N 80.16°W
Springfield,MA,153672,155929,−1.45%,31.9,82.6,4888,1887,42.12°N 72.54°W
Kansas City,KS,152933,156607,−2.35%,124.7,323.0,1256,485,39.12°N 94.74°W
Sunnyvale,CA,151967,155805,−2.46%,22.1,57.2,7050,2720,37.39°N 122.03°W
Bellevue,WA,151574,151854,−0.18%,33.5,86.8,4533,1750,47.60°N 122.16°W
Joliet,IL,150489,150362,+0.08%,64.5,167.1,2331,900,41.52°N 88.15°W
Naperville,IL,150245,149540,+0.47%,39.1,101.3,3825,1477,41.75°N 88.16°W
Escondido,CA,148122,151038,−1.93%,37.3,96.6,4049,1563,33.13°N 117.07°W
Bridgeport,CT,148028,148654,−0.42%,16.1,41.7,9233,3565,41.19°N 73.20°W
Savannah,GA,147748,147780,−0.02%,106.8,276.6,1384,534,32.00°N 81.15°W
Olathe,KS,147461,141290,+4.37%,61.9,160.3,2283,881,38.88°N 94.82°W
Mesquite,TX,147317,150108,−1.86%,48.5,125.6,3095,1195,32.76°N 96.59°W
Pasadena,TX,146716,151950,−3.44%,43.7,113.2,3477,1342,29.65°N 95.15°W
McAllen,TX,146593,142210,+3.08%,62.3,161.4,2283,881,26.22°N 98.25°W
Rockford,IL,146120,148655,−1.71%,64.5,167.1,2305,890,42.26°N 89.06°W
Gainesville,FL,145812,141085,+3.35%,63.2,163.7,2232,862,29.68°N 82.35°W
Syracuse,NY,145560,148620,−2.06%,25.1,65.0,5921,2286,43.04°N 76.14°W
Pomona,CA,145502,151713,−4.09%,23.0,59.6,6596,2547,34.06°N 117.76°W
Visalia,CA,144998,141384,+2.56%,37.9,98.2,3730,1440,36.33°N 119.33°W
Thornton,CO,144922,141867,+2.15%,35.9,93.0,3952,1526,39.92°N 104.94°W
Waco,TX,144816,138486,+4.57%,88.7,229.7,1561,603,31.56°N 97.19°W
Jackson,MS,143709,153701,−6.50%,111.7,289.3,1376,531,32.32°N 90.21°W
Columbia,SC,142416,136632,+4.23%,136.8,354.3,999,386,34.04°N 80.91°W
Lakewood,NJ,139866,135158,+3.48%,24.7,64.0,5472,2113,40.08°N 74.20°W
Fullerton,CA,139250,143617,−3.04%,22.4,58.0,6411,2475,33.89°N 117.93°W
Torrance,CA,139224,147067,−5.33%,20.5,53.1,7174,2770,33.83°N 118.36°W
Victorville,CA,138869,134810,+3.01%,73.7,190.9,1829,706,34.53°N 117.35°W
Midland,TX,138397,132524,+4.43%,75.5,195.5,1755,678,32.02°N 102.11°W
Orange,CA,138337,139911,−1.13%,25.7,66.6,5444,2102,33.79°N 117.86°W
Miramar,FL,138319,134721,+2.67%,28.9,74.9,4662,1800,25.97°N 80.34°W
Hampton,VA,137098,137148,−0.04%,51.5,133.4,2663,1028,37.05°N 76.30°W
Warren,MI,136655,139387,−1.96%,34.4,89.1,4052,1564,42.49°N 83.03°W
Stamford,CT,136226,135470,+0.56%,37.6,97.4,3603,1391,41.08°N 73.55°W
Cedar Rapids,IA,135958,137710,−1.27%,72.1,186.7,1910,740,41.97°N 91.68°W
Elizabeth,NJ,135829,137298,−1.07%,12.3,31.9,11162,4310,40.67°N 74.19°W
Palm Bay,FL,135566,119760,+13.20%,86.4,223.8,1386,535,27.96°N 80.66°W
Dayton,OH,135512,137644,−1.55%,55.8,144.5,2467,953,39.78°N 84.20°W
New Haven,CT,135319,134023,+0.97%,18.7,48.4,7167,2767,41.31°N 72.92°W
Coral Springs,FL,134906,134394,+0.38%,22.9,59.3,5869,2266,26.27°N 80.26°W
Meridian,ID,134801,117635,+14.59%,35.1,90.9,3351,1294,43.61°N 116.40°W
West Valley City,UT,134470,140230,−4.11%,35.8,92.7,3917,1512,40.69°N 112.01°W
Pasadena,CA,133560,138699,−3.71%,23.0,59.6,6030,2330,34.16°N 118.14°W
Lewisville,TX,133553,111822,+19.43%,37.0,95.8,3022,1167,33.05°N 96.98°W
Kent,WA,133378,136588,−2.35%,33.8,87.5,4041,1560,47.39°N 122.21°W
Sterling Heights,MI,133306,134346,−0.77%,36.4,94.3,3691,1425,42.58°N 83.03°W
Fargo,ND,133188,125990,+5.71%,49.8,129.0,2530,980,46.86°N 96.83°W
Carrollton,TX,132918,133434,−0.39%,36.7,95.1,3636,1404,32.99°N 96.90°W
Santa Clara,CA,131062,127647,+2.68%,18.3,47.4,6975,2693,37.36°N 121.97°W
Round Rock,TX,130406,119468,+9.16%,37.6,97.4,3177,1227,30.53°N 97.66°W
Norman,OK,130046,128026,+1.58%,178.8,463.1,716,276,35.24°N 97.35°W
Columbia,MO,129330,126254,+2.44%,66.5,172.2,1899,733,38.95°N 92.33°W
Abilene,TX,129043,125182,+3.08%,106.7,276.4,1173,453,32.45°N 99.74°W
Athens,GA,128628,127315,+1.03%,116.3,301.2,1095,423,33.95°N 83.37°W
Pearland,TX,127736,125828,+1.52%,48.7,126.1,2584,998,29.56°N 95.32°W
Clovis,CA,125826,120124,+4.75%,25.4,65.8,4729,1826,36.83°N 119.68°W
Topeka,KS,125475,126587,−0.88%,61.4,159.0,2062,796,39.03°N 95.69°W
College Station,TX,125192,120511,+3.88%,51.2,132.6,2354,909,30.59°N 96.30°W
Simi Valley,CA,125113,126356,−0.98%,41.5,107.5,3045,1176,34.27°N 118.75°W
Allentown,PA,124880,125845,−0.77%,17.6,45.6,7150,2760,40.59°N 75.48°W
West Palm Beach,FL,124130,117415,+5.72%,53.8,139.3,2182,842,26.75°N 80.13°W
Thousand Oaks,CA,123463,126966,−2.76%,55.3,143.2,2296,886,34.19°N 118.87°W
Vallejo,CA,122807,126090,−2.60%,30.4,78.7,4148,1602,38.11°N 122.26°W
Wilmington,NC,122698,115451,+6.28%,51.4,133.1,2246,867,34.21°N 77.89°W
Rochester,MN,122413,121395,+0.84%,55.5,143.7,2187,844,44.02°N 92.48°W
Concord,CA,122315,125410,−2.47%,30.6,79.3,4098,1582,37.97°N 122.00°W
Lakeland,FL,122264,112641,+8.54%,66.2,171.5,1702,657,28.06°N 81.95°W
North Charleston,SC,121469,114852,+5.76%,77.6,201.0,1480,570,32.92°N 80.07°W
Lafayette,LA,121467,121374,+0.08%,55.8,144.5,2175,840,30.21°N 92.03°W
Arvada,CO,121414,124402,−2.40%,38.9,100.8,3198,1235,39.83°N 105.15°W
Independence,MO,120922,123011,−1.70%,78.0,202.0,1577,609,39.09°N 94.35°W
Billings,MT,120864,117116,+3.20%,44.8,116.0,2614,1009,45.79°N 108.55°W
Fairfield,CA,120768,119881,+0.74%,41.6,107.7,2882,1113,38.26°N 122.03°W
Hartford,CT,119669,121054,−1.14%,17.4,45.1,6957,2686,41.77°N 72.68°W
Ann Arbor,MI,119381,123851,−3.61%,28.2,73.0,4392,1696,42.28°N 83.73°W
Broken Arrow,OK,119194,113540,+4.98%,63.0,163.2,1802,696,36.04°N 95.78°W
Berkeley,CA,118962,124321,−4.31%,10.4,26.9,11954,4615,37.87°N 122.30°W
Cambridge,MA,118214,118403,−0.16%,6.4,16.6,18500,7100,42.38°N 71.12°W
Richardson,TX,117435,119469,−1.70%,28.6,74.1,4177,1613,32.97°N 96.71°W
Antioch,CA,117096,115291,+1.57%,29.2,75.6,3948,1524,37.98°N 121.80°W
High Point,NC,116926,114059,+2.51%,56.4,146.1,2022,781,35.99°N 79.99°W
Clearwater,FL,116850,117292,−0.38%,26.1,67.6,4494,1735,27.98°N 82.77°W
League City,TX,116320,114392,+1.69%,51.3,132.9,2230,860,29.49°N 95.11°W
Odessa,TX,115743,114428,+1.15%,51.1,132.3,2239,864,31.88°N 102.35°W
Manchester,NH,115474,115644,−0.15%,33.1,85.7,3494,1349,42.98°N 71.44°W
Evansville,IN,115332,117298,−1.68%,47.4,122.8,2475,956,37.99°N 87.53°W
Waterbury,CT,114990,114403,+0.51%,28.5,73.8,4014,1550,41.56°N 73.04°W
West Jordan,UT,114908,116961,−1.76%,32.3,83.7,3621,1398,40.60°N 112.00°W
Las Cruces,NM,114892,111385,+3.15%,76.9,199.2,1448,559,32.33°N 106.79°W
Westminster,CO,114875,116317,−1.24%,31.6,81.8,3681,1421,39.88°N 105.06°W
Lowell,MA,114296,115554,−1.09%,13.6,35.2,8497,3281,42.64°N 71.32°W
Nampa,ID,114268,100200,+14.04%,33.5,86.8,2991,1155,43.58°N 116.56°W
Richmond,CA,114106,116448,−2.01%,30.1,78.0,3869,1494,37.95°N 122.36°W
Pompano Beach,FL,113619,112046,+1.40%,24.0,62.2,4669,1803,26.24°N 80.13°W
Carlsbad,CA,113495,114746,−1.09%,37.8,97.9,3036,1172,33.13°N 117.28°W
Menifee,CA,113433,102527,+10.64%,46.5,120.4,2205,851,33.69°N 117.18°W
Provo,UT,113343,115162,−1.58%,41.7,108.0,2762,1066,40.25°N 111.65°W
Elgin,IL,113310,114797,−1.30%,38.0,98.4,3021,1166,42.04°N 88.33°W
Greeley,CO,112609,108795,+3.51%,48.9,126.7,2225,859,40.41°N 104.77°W
Springfield,IL,112544,114394,−1.62%,61.1,158.2,1872,723,39.79°N 89.64°W
Beaumont,TX,112193,115282,−2.68%,82.5,213.7,1397,539,30.08°N 94.15°W
Lansing,MI,112115,112644,−0.47%,39.1,101.3,2881,1112,42.71°N 84.56°W
Murrieta,CA,111878,110949,+0.84%,33.6,87.0,3302,1275,33.57°N 117.19°W
Goodyear,AZ,111805,95294,+17.33%,191.3,495.5,498,192,33.25°N 112.37°W
Allen,TX,111620,104627,+6.68%,26.4,68.4,3963,1530,33.11°N 96.67°W
Tuscaloosa,AL,111338,99600,+11.79%,61.9,160.3,1609,621,33.23°N 87.53°W
Everett,WA,111180,110629,+0.50%,33.2,86.0,3332,1286,47.95°N 122.19°W
Pueblo,CO,111077,111876,−0.71%,55.4,143.5,2019,780,38.27°N 104.61°W
New Braunfels,TX,110958,90403,+22.74%,45.2,117.1,2000,770,29.70°N 98.12°W
South Fulton,GA,110920,107436,+3.24%,85.2,220.7,1261,487,33.66°N 84.57°W
Miami Gardens,FL,110717,111640,−0.83%,18.2,47.1,6134,2368,25.95°N 80.24°W
Gresham,OR,110685,114247,−3.12%,23.5,60.9,4862,1877,45.50°N 122.44°W
Temecula,CA,110682,110003,+0.62%,37.3,96.6,2949,1139,33.49°N 117.13°W
Rio Rancho,NM,110660,104046,+6.36%,103.4,267.8,1006,388,35.29°N 106.70°W
Peoria,IL,110460,113150,−2.38%,48.0,124.3,2357,910,40.75°N 89.62°W
Tyler,TX,110327,105995,+4.09%,57.5,148.9,1843,712,32.32°N 95.31°W
Sparks,NV,110323,108445,+1.73%,36.4,94.3,2979,1150,39.57°N 119.72°W
Concord,NC,110119,105240,+4.64%,63.5,164.5,1657,640,35.39°N 80.64°W
Santa Maria,CA,109987,109707,+0.26%,22.8,59.1,4812,1858,34.93°N 120.44°W
Ventura,CA,109058,110763,−1.54%,21.9,56.7,5058,1953,34.27°N 119.25°W
Buckeye,AZ,108909,91502,+19.02%,393.0,1017.9,233,90,33.43°N 112.64°W
Downey,CA,108816,114355,−4.84%,12.4,32.1,9222,3561,33.94°N 118.13°W
Sugar Land,TX,108515,111026,−2.26%,40.5,104.9,2741,1058,29.59°N 95.63°W
Costa Mesa,CA,108354,111918,−3.18%,15.8,40.9,7083,2735,33.67°N 117.91°W
Conroe,TX,108248,89956,+20.33%,72.0,186.5,1249,482,30.32°N 95.49°W
Spokane Valley,WA,108235,102976,+5.11%,37.7,97.6,2731,1054,47.66°N 117.23°W
Davie,FL,107799,105691,+1.99%,34.9,90.4,3028,1169,26.08°N 80.28°W
Hillsboro,OR,107730,106447,+1.21%,25.7,66.6,4142,1599,45.53°N 122.94°W
Jurupa Valley,CA,107321,105053,+2.16%,42.9,111.1,2449,946,34.00°N 117.47°W
Centennial,CO,106883,108418,−1.42%,29.7,76.9,3650,1410,39.59°N 104.87°W
Edison,NJ,106836,107588,−0.70%,30.1,78.0,3574,1380,40.50°N 74.35°W
Boulder,CO,105898,108250,−2.17%,26.3,68.1,4116,1589,40.02°N 105.25°W
Dearborn,MI,105811,109976,−3.79%,24.2,62.7,4544,1754,42.31°N 83.21°W
Edinburg,TX,105799,100243,+5.54%,44.7,115.8,2243,866,26.32°N 98.16°W
Sandy Springs,GA,105793,108080,−2.12%,37.7,97.6,2867,1107,33.93°N 84.37°W
Green Bay,WI,105744,107395,−1.54%,45.5,117.8,2360,910,44.52°N 87.99°W
West Covina,CA,105617,109501,−3.55%,16.0,41.4,6844,2642,34.06°N 117.91°W
Brockton,MA,104890,105643,−0.71%,21.3,55.2,4960,1920,42.08°N 71.02°W
St. George,UT,104578,95342,+9.69%,78.5,203.3,1215,469,37.08°N 113.56°W
Bend,OR,104557,99178,+5.42%,33.6,87.0,2952,1140,44.06°N 121.31°W
Renton,WA,104491,106785,−2.15%,23.5,60.9,4544,1754,47.48°N 122.19°W
Lee's Summit,MO,104184,101108,+3.04%,63.9,165.5,1582,611,38.92°N 94.38°W
Fishers,IN,104094,98977,+5.17%,35.6,92.2,2780,1070,39.96°N 85.97°W
El Monte,CA,103794,109450,−5.17%,9.6,24.9,11401,4402,34.07°N 118.03°W
South Bend,IN,103395,103453,−0.06%,42.0,108.8,2463,951,41.68°N 86.27°W
Rialto,CA,103391,104026,−0.61%,24.1,62.4,4316,1666,34.12°N 117.39°W
Woodbridge,NJ,103194,103639,−0.43%,23.3,60.3,4448,1717,40.56°N 74.29°W
El Cajon,CA,102991,106215,−3.04%,14.5,37.6,7325,2828,32.80°N 116.96°W
Inglewood,CA,102865,107762,−4.54%,9.1,23.6,11842,4572,33.96°N 118.34°W
Burbank,CA,102755,107337,−4.27%,17.3,44.8,6204,2395,34.19°N 118.33°W
Wichita Falls,TX,102691,102316,+0.37%,72.0,186.5,1421,549,33.91°N 98.53°W
Vacaville,CA,102526,102386,+0.14%,29.9,77.4,3424,1322,38.36°N 121.97°W
Carmel,IN,102296,99757,+2.55%,49.1,127.2,2032,785,39.97°N 86.15°W
Palm Coast,FL,102113,89258,+14.40%,95.4,247.1,937,362,29.54°N 81.24°W
Fayetteville,AR,101680,93949,+8.23%,54.1,140.1,1737,671,36.07°N 94.17°W
Quincy,MA,101597,101636,−0.04%,16.6,43.0,6123,2364,42.26°N 71.01°W
San Mateo,CA,101327,105661,−4.10%,12.1,31.3,8732,3371,37.56°N 122.31°W
Chico,CA,101301,101475,−0.17%,34.1,88.3,2976,1149,39.76°N 121.82°W
Lynn,MA,101241,101253,−0.01%,10.7,27.7,9463,3654,42.47°N 70.96°W
Albany,NY,101228,99224,+2.02%,21.4,55.4,4637,1790,42.67°N 73.80°W
Yuma,AZ,100858,95548,+5.56%,120.7,312.6,792,306,32.52°N 114.52°W
New Bedford,MA,100695,101079,−0.38%,20.0,51.8,5054,1951,41.66°N 70.94°W
Suffolk,VA,100659,94324,+6.72%,399.2,1033.9,236,91,36.70°N 76.63°W
Hesperia,CA,100633,99818,+0.82%,72.7,188.3,1373,530,34.40°N 117.32°W
Davenport,IA,100354,101724,−1.35%,63.8,165.2,1594,615,41.56°N 90.60°W
